iptm,ptm,ranking_score,fraction_disordered,has_clash,num_recycles,chain_iptm,chain_pair_iptm,chain_pair_pae_min,chain_ptm,first_subunit,second_subunit,third_subunit,structure_type
0.74,0.74,0.82,0.18,0.0,10.0,"[0.7, 0.75, 0.72]","[[0.62, 0.73, 0.66], [0.73, 0.73, 0.77], [0.66, 0.77, 0.65]]","[[0.76, 2.28, 2.35], [2.39, 0.76, 2.31], [2.28, 2.3, 0.76]]","[0.62, 0.73, 0.65]",p2x2,p2x4,p2x7,complete
0.74,0.75,0.8,0.12,0.0,10.0,"[0.73, 0.72, 0.72]","[[0.68, 0.73, 0.73], [0.73, 0.66, 0.71], [0.73, 0.71, 0.65]]","[[0.76, 2.53, 2.69], [2.23, 0.76, 2.49], [2.77, 2.36, 0.76]]","[0.68, 0.66, 0.65]",p2x1,p2x7,p2x7,complete
0.79,0.81,0.83,0.06,0.0,10.0,"[0.76, 0.75, 0.76]","[[0.76, 0.76, 0.76], [0.76, 0.76, 0.75], [0.76, 0.75, 0.75]]","[[0.76, 2.45, 2.28], [2.68, 0.76, 2.29], [2.57, 2.27, 0.76]]","[0.76, 0.76, 0.75]",p2x3,p2x4,p2x7,trimmed
0.78,0.8,0.82,0.07,0.0,10.0,"[0.75, 0.75, 0.75]","[[0.75, 0.75, 0.76], [0.75, 0.75, 0.74], [0.76, 0.74, 0.75]]","[[0.76, 2.48, 2.44], [2.42, 0.76, 2.44], [2.58, 2.18, 0.76]]","[0.75, 0.75, 0.75]",p2x2,p2x2,p2x7,trimmed
0.76,0.78,0.8,0.07,0.0,10.0,"[0.72, 0.72, 0.72]","[[0.74, 0.71, 0.72], [0.71, 0.74, 0.72], [0.72, 0.72, 0.73]]","[[0.76, 2.95, 2.81], [2.51, 0.76, 3.05], [3.14, 2.79, 0.76]]","[0.74, 0.74, 0.73]",p2x5,p2x5,p2x6,trimmed
0.77,0.75,0.87,0.21,0.0,10.0,"[0.73, 0.73, 0.74]","[[0.71, 0.73, 0.74], [0.73, 0.63, 0.73], [0.74, 0.73, 0.72]]","[[0.76, 2.1, 2.08], [1.98, 0.76, 2.15], [2.15, 1.94, 0.76]]","[0.71, 0.63, 0.72]",p2x1,p2x2,p2x3,complete
0.79,0.81,0.83,0.07,0.0,10.0,"[0.75, 0.75, 0.74]","[[0.75, 0.77, 0.74], [0.77, 0.77, 0.74], [0.74, 0.74, 0.74]]","[[0.76, 2.31, 2.46], [2.46, 0.76, 2.31], [2.47, 2.52, 0.76]]","[0.75, 0.77, 0.74]",p2x2,p2x3,p2x5,trimmed
0.72,0.73,0.82,0.2,0.0,10.0,"[0.73, 0.69, 0.69]","[[0.73, 0.73, 0.73], [0.73, 0.65, 0.65], [0.73, 0.65, 0.65]]","[[0.76, 2.71, 2.49], [2.4, 0.76, 2.73], [2.52, 2.38, 0.76]]","[0.73, 0.65, 0.65]",p2x4,p2x5,p2x5,complete
0.77,0.8,0.81,0.07,0.0,10.0,"[0.73, 0.74, 0.73]","[[0.74, 0.74, 0.72], [0.74, 0.76, 0.73], [0.72, 0.73, 0.73]]","[[0.76, 2.7, 2.92], [2.58, 0.76, 2.61], [3.01, 2.41, 0.76]]","[0.74, 0.76, 0.73]",p2x1,p2x4,p2x6,trimmed
0.75,0.75,0.84,0.18,0.0,10.0,"[0.72, 0.73, 0.71]","[[0.7, 0.74, 0.7], [0.74, 0.74, 0.72], [0.7, 0.72, 0.64]]","[[0.76, 2.54, 2.57], [2.46, 0.76, 2.53], [2.8, 2.36, 0.76]]","[0.7, 0.74, 0.64]",p2x1,p2x4,p2x6,complete
0.73,0.74,0.85,0.23,0.0,10.0,"[0.7, 0.7, 0.7]","[[0.67, 0.7, 0.7], [0.7, 0.67, 0.7], [0.7, 0.7, 0.67]]","[[0.76, 1.95, 2.01], [1.95, 0.76, 1.95], [1.99, 2.0, 0.76]]","[0.67, 0.67, 0.67]",p2x5,p2x5,p2x5,complete
0.77,0.75,0.86,0.2,0.0,10.0,"[0.74, 0.73, 0.74]","[[0.7, 0.73, 0.75], [0.73, 0.62, 0.74], [0.75, 0.74, 0.73]]","[[0.76, 2.25, 2.42], [2.49, 0.76, 2.27], [2.29, 2.41, 0.76]]","[0.7, 0.62, 0.73]",p2x1,p2x2,p2x4,complete
0.75,0.75,0.83,0.16,0.0,10.0,"[0.73, 0.69, 0.72]","[[0.72, 0.7, 0.75], [0.7, 0.65, 0.69], [0.75, 0.69, 0.66]]","[[0.76, 2.38, 2.07], [2.35, 0.76, 2.27], [2.27, 2.39, 0.76]]","[0.72, 0.65, 0.66]",p2x3,p2x5,p2x7,complete
0.82,0.82,0.87,0.1,0.0,10.0,"[0.79, 0.79, 0.79]","[[0.71, 0.79, 0.79], [0.79, 0.71, 0.79], [0.79, 0.79, 0.71]]","[[0.76, 1.64, 1.66], [1.65, 0.76, 1.66], [1.65, 1.67, 0.76]]","[0.71, 0.71, 0.71]",p2x7,p2x7,p2x7,complete
0.75,0.75,0.84,0.18,0.0,10.0,"[0.73, 0.74, 0.72]","[[0.7, 0.74, 0.71], [0.74, 0.74, 0.73], [0.71, 0.73, 0.65]]","[[0.76, 2.39, 2.58], [2.23, 0.76, 2.59], [2.66, 2.51, 0.76]]","[0.7, 0.74, 0.65]",p2x1,p2x4,p2x5,complete
0.69,0.7,0.8,0.22,0.0,10.0,"[0.68, 0.65, 0.65]","[[0.68, 0.68, 0.68], [0.68, 0.63, 0.62], [0.68, 0.62, 0.62]]","[[0.76, 2.86, 2.82], [2.73, 0.76, 2.91], [2.9, 3.07, 0.76]]","[0.68, 0.63, 0.62]",p2x1,p2x6,p2x6,complete
0.79,0.81,0.82,0.06,0.0,10.0,"[0.74, 0.74, 0.75]","[[0.74, 0.73, 0.75], [0.73, 0.73, 0.76], [0.75, 0.76, 0.75]]","[[0.76, 2.72, 2.44], [2.57, 0.76, 2.5], [2.47, 2.61, 0.76]]","[0.74, 0.73, 0.75]",p2x4,p2x6,p2x7,trimmed
0.8,0.82,0.84,0.07,0.0,10.0,"[0.75, 0.76, 0.76]","[[0.74, 0.74, 0.75], [0.74, 0.76, 0.77], [0.75, 0.77, 0.77]]","[[0.76, 2.3, 2.52], [2.6, 0.76, 2.26], [2.29, 2.32, 0.76]]","[0.74, 0.76, 0.77]",p2x1,p2x2,p2x3,trimmed
0.79,0.82,0.83,0.07,0.0,10.0,"[0.76, 0.76, 0.75]","[[0.77, 0.76, 0.75], [0.76, 0.78, 0.76], [0.75, 0.76, 0.73]]","[[0.76, 2.58, 2.53], [2.4, 0.76, 2.69], [2.82, 2.59, 0.76]]","[0.77, 0.78, 0.73]",p2x3,p2x3,p2x6,trimmed
0.69,0.71,0.79,0.19,0.0,10.0,"[0.65, 0.64, 0.66]","[[0.63, 0.63, 0.67], [0.63, 0.62, 0.65], [0.67, 0.65, 0.64]]","[[0.76, 2.82, 2.54], [2.77, 0.76, 2.59], [2.65, 2.62, 0.76]]","[0.63, 0.62, 0.64]",p2x6,p2x6,p2x7,complete
0.79,0.81,0.82,0.06,0.0,10.0,"[0.74, 0.75, 0.75]","[[0.74, 0.74, 0.74], [0.74, 0.74, 0.76], [0.74, 0.76, 0.74]]","[[0.76, 2.57, 2.35], [2.48, 0.76, 2.31], [2.38, 2.53, 0.76]]","[0.74, 0.74, 0.74]",p2x5,p2x6,p2x7,trimmed
0.77,0.75,0.86,0.2,0.0,10.0,"[0.73, 0.73, 0.73]","[[0.62, 0.73, 0.73], [0.73, 0.73, 0.73], [0.73, 0.73, 0.74]]","[[0.76, 2.28, 2.4], [2.31, 0.76, 2.58], [2.41, 2.27, 0.76]]","[0.62, 0.73, 0.74]",p2x2,p2x4,p2x4,complete
0.77,0.8,0.81,0.07,0.0,10.0,"[0.74, 0.74, 0.73]","[[0.75, 0.74, 0.73], [0.74, 0.76, 0.73], [0.73, 0.73, 0.75]]","[[0.76, 2.73, 2.5], [2.64, 0.76, 2.9], [2.8, 2.7, 0.76]]","[0.75, 0.76, 0.75]",p2x3,p2x4,p2x4,trimmed
0.76,0.79,0.8,0.07,0.0,10.0,"[0.73, 0.73, 0.72]","[[0.73, 0.74, 0.72], [0.74, 0.74, 0.72], [0.72, 0.72, 0.73]]","[[0.76, 2.56, 2.42], [2.53, 0.76, 2.45], [2.71, 2.52, 0.76]]","[0.73, 0.74, 0.73]",p2x1,p2x2,p2x5,trimmed
0.78,0.81,0.82,0.07,0.0,10.0,"[0.75, 0.75, 0.74]","[[0.77, 0.76, 0.74], [0.76, 0.78, 0.74], [0.74, 0.74, 0.73]]","[[0.76, 2.63, 2.24], [2.28, 0.76, 2.62], [2.87, 2.44, 0.76]]","[0.77, 0.78, 0.73]",p2x3,p2x3,p2x5,trimmed
0.78,0.8,0.82,0.07,0.0,10.0,"[0.75, 0.74, 0.75]","[[0.75, 0.75, 0.75], [0.75, 0.76, 0.74], [0.75, 0.74, 0.74]]","[[0.76, 2.22, 2.46], [2.37, 0.76, 2.46], [2.48, 2.37, 0.76]]","[0.75, 0.76, 0.74]",p2x2,p2x4,p2x6,trimmed
0.75,0.78,0.79,0.07,0.0,10.0,"[0.71, 0.71, 0.7]","[[0.74, 0.71, 0.71], [0.71, 0.73, 0.7], [0.71, 0.7, 0.72]]","[[0.76, 2.99, 3.15], [2.68, 0.76, 3.37], [2.84, 3.44, 0.76]]","[0.74, 0.73, 0.72]",p2x4,p2x6,p2x6,trimmed
0.78,0.8,0.81,0.06,0.0,10.0,"[0.74, 0.74, 0.74]","[[0.73, 0.75, 0.74], [0.75, 0.74, 0.74], [0.74, 0.74, 0.74]]","[[0.76, 2.69, 2.65], [2.49, 0.76, 2.55], [2.7, 2.56, 0.76]]","[0.73, 0.74, 0.74]",p2x1,p2x6,p2x7,trimmed
0.7,0.71,0.81,0.21,0.0,10.0,"[0.72, 0.67, 0.67]","[[0.72, 0.71, 0.72], [0.71, 0.63, 0.63], [0.72, 0.63, 0.63]]","[[0.76, 2.69, 2.77], [2.49, 0.76, 3.05], [2.67, 2.91, 0.76]]","[0.72, 0.63, 0.63]",p2x4,p2x6,p2x6,complete
0.77,0.8,0.81,0.07,0.0,10.0,"[0.74, 0.74, 0.73]","[[0.75, 0.74, 0.73], [0.74, 0.75, 0.74], [0.73, 0.74, 0.75]]","[[0.76, 2.57, 2.36], [2.38, 0.76, 2.49], [2.6, 2.5, 0.76]]","[0.75, 0.75, 0.75]",p2x2,p2x2,p2x4,trimmed
0.71,0.72,0.81,0.2,0.0,10.0,"[0.67, 0.68, 0.67]","[[0.62, 0.67, 0.66], [0.67, 0.65, 0.69], [0.66, 0.69, 0.65]]","[[0.76, 2.42, 2.14], [2.42, 0.76, 2.13], [2.31, 2.26, 0.76]]","[0.62, 0.65, 0.65]",p2x2,p2x5,p2x7,complete
0.81,0.83,0.84,0.07,0.0,10.0,"[0.77, 0.77, 0.77]","[[0.76, 0.77, 0.77], [0.77, 0.78, 0.77], [0.77, 0.77, 0.79]]","[[0.76, 2.39, 2.27], [2.06, 0.76, 2.31], [2.37, 2.03, 0.76]]","[0.76, 0.78, 0.79]",p2x2,p2x3,p2x3,trimmed
0.71,0.72,0.82,0.21,0.0,10.0,"[0.7, 0.68, 0.68]","[[0.69, 0.7, 0.7], [0.7, 0.65, 0.65], [0.7, 0.65, 0.64]]","[[0.76, 2.55, 2.61], [2.35, 0.76, 2.59], [2.65, 2.61, 0.76]]","[0.69, 0.65, 0.64]",p2x1,p2x5,p2x5,complete
0.67,0.69,0.8,0.24,0.0,10.0,"[0.64, 0.63, 0.63]","[[0.63, 0.64, 0.64], [0.64, 0.63, 0.63], [0.64, 0.63, 0.63]]","[[0.76, 2.57, 2.84], [2.64, 0.76, 2.84], [2.82, 2.84, 0.76]]","[0.63, 0.63, 0.63]",p2x5,p2x6,p2x6,complete
0.78,0.8,0.81,0.06,0.0,10.0,"[0.74, 0.74, 0.74]","[[0.73, 0.74, 0.74], [0.74, 0.75, 0.74], [0.74, 0.74, 0.75]]","[[0.76, 2.54, 2.66], [2.38, 0.76, 2.53], [2.83, 2.38, 0.76]]","[0.73, 0.75, 0.75]",p2x1,p2x4,p2x7,trimmed
0.77,0.79,0.81,0.07,0.0,10.0,"[0.74, 0.73, 0.73]","[[0.74, 0.74, 0.74], [0.74, 0.75, 0.73], [0.74, 0.73, 0.73]]","[[0.76, 2.52, 2.32], [2.46, 0.76, 2.6], [2.43, 2.47, 0.76]]","[0.74, 0.75, 0.73]",p2x2,p2x2,p2x5,trimmed
0.77,0.76,0.86,0.2,0.0,10.0,"[0.73, 0.73, 0.75]","[[0.62, 0.71, 0.75], [0.71, 0.72, 0.75], [0.75, 0.75, 0.73]]","[[0.76, 2.07, 2.2], [2.2, 0.76, 2.03], [2.2, 2.23, 0.76]]","[0.62, 0.72, 0.73]",p2x2,p2x3,p2x4,complete
0.75,0.77,0.78,0.07,0.0,10.0,"[0.71, 0.71, 0.71]","[[0.72, 0.71, 0.71], [0.71, 0.73, 0.71], [0.71, 0.71, 0.73]]","[[0.76, 3.06, 3.27], [2.77, 0.76, 3.49], [3.26, 3.28, 0.76]]","[0.72, 0.73, 0.73]",p2x5,p2x6,p2x6,trimmed
0.78,0.81,0.82,0.07,0.0,10.0,"[0.72, 0.74, 0.73]","[[0.74, 0.73, 0.71], [0.73, 0.77, 0.75], [0.71, 0.75, 0.75]]","[[0.76, 2.81, 2.94], [2.7, 0.76, 2.57], [2.87, 2.63, 0.76]]","[0.74, 0.77, 0.75]",p2x1,p2x3,p2x4,trimmed
0.79,0.81,0.82,0.06,0.0,10.0,"[0.76, 0.76, 0.76]","[[0.75, 0.75, 0.76], [0.75, 0.75, 0.76], [0.76, 0.76, 0.75]]","[[0.76, 2.43, 2.46], [2.44, 0.76, 2.49], [2.69, 2.37, 0.76]]","[0.75, 0.75, 0.75]",p2x3,p2x7,p2x7,trimmed
0.72,0.73,0.83,0.21,0.0,10.0,"[0.73, 0.69, 0.69]","[[0.73, 0.73, 0.72], [0.73, 0.64, 0.65], [0.72, 0.65, 0.64]]","[[0.76, 2.33, 2.39], [2.39, 0.76, 2.64], [2.27, 2.53, 0.76]]","[0.73, 0.64, 0.64]",p2x4,p2x5,p2x6,complete
0.76,0.78,0.8,0.07,0.0,10.0,"[0.71, 0.73, 0.72]","[[0.73, 0.72, 0.7], [0.72, 0.74, 0.73], [0.7, 0.73, 0.72]]","[[0.76, 3.22, 3.02], [3.06, 0.76, 2.8], [3.35, 2.77, 0.76]]","[0.73, 0.74, 0.72]",p2x1,p2x1,p2x6,trimmed
0.75,0.76,0.81,0.11,0.0,10.0,"[0.75, 0.73, 0.74]","[[0.72, 0.75, 0.76], [0.75, 0.67, 0.72], [0.76, 0.72, 0.67]]","[[0.76, 2.26, 2.2], [2.21, 0.76, 2.26], [2.43, 2.31, 0.76]]","[0.72, 0.67, 0.67]",p2x3,p2x7,p2x7,complete
0.73,0.73,0.81,0.16,0.0,10.0,"[0.71, 0.68, 0.69]","[[0.69, 0.69, 0.73], [0.69, 0.63, 0.66], [0.73, 0.66, 0.64]]","[[0.76, 2.57, 2.55], [2.38, 0.76, 2.49], [2.55, 2.5, 0.76]]","[0.69, 0.63, 0.64]",p2x1,p2x6,p2x7,complete
0.72,0.72,0.81,0.18,0.0,10.0,"[0.72, 0.68, 0.69]","[[0.69, 0.71, 0.73], [0.71, 0.62, 0.65], [0.73, 0.65, 0.64]]","[[0.76, 2.39, 2.53], [2.07, 0.76, 2.38], [2.58, 2.36, 0.76]]","[0.69, 0.62, 0.64]",p2x1,p2x2,p2x7,complete
0.67,0.68,0.81,0.28,0.0,10.0,"[0.63, 0.63, 0.64]","[[0.61, 0.62, 0.64], [0.62, 0.62, 0.64], [0.64, 0.64, 0.62]]","[[0.76, 2.36, 2.2], [2.35, 0.76, 2.41], [2.36, 2.29, 0.76]]","[0.61, 0.62, 0.62]",p2x2,p2x2,p2x6,complete
0.71,0.72,0.84,0.25,0.0,10.0,"[0.68, 0.68, 0.68]","[[0.65, 0.68, 0.68], [0.68, 0.65, 0.68], [0.68, 0.68, 0.65]]","[[0.76, 1.92, 1.96], [1.93, 0.76, 1.95], [2.0, 1.94, 0.76]]","[0.65, 0.65, 0.65]",p2x6,p2x6,p2x6,complete
0.79,0.77,0.85,0.12,0.0,10.0,"[0.74, 0.74, 0.76]","[[0.74, 0.73, 0.76], [0.73, 0.74, 0.75], [0.76, 0.75, 0.66]]","[[0.76, 2.76, 2.41], [2.66, 0.76, 2.54], [2.59, 2.39, 0.76]]","[0.74, 0.74, 0.66]",p2x4,p2x4,p2x7,complete
0.74,0.74,0.82,0.17,0.0,10.0,"[0.72, 0.68, 0.71]","[[0.72, 0.69, 0.75], [0.69, 0.63, 0.67], [0.75, 0.67, 0.65]]","[[0.76, 2.35, 2.02], [2.22, 0.76, 2.39], [2.27, 2.39, 0.76]]","[0.72, 0.63, 0.65]",p2x3,p2x6,p2x7,complete
0.81,0.83,0.85,0.06,0.0,10.0,"[0.77, 0.77, 0.77]","[[0.76, 0.77, 0.77], [0.77, 0.76, 0.77], [0.77, 0.77, 0.76]]","[[0.76, 1.96, 1.97], [1.89, 0.76, 2.0], [2.03, 1.9, 0.76]]","[0.76, 0.76, 0.76]",p2x5,p2x5,p2x5,trimmed
0.78,0.77,0.84,0.13,0.0,10.0,"[0.75, 0.74, 0.75]","[[0.73, 0.74, 0.76], [0.74, 0.72, 0.74], [0.76, 0.74, 0.67]]","[[0.76, 2.31, 2.05], [2.19, 0.76, 2.21], [2.33, 2.2, 0.76]]","[0.73, 0.72, 0.67]",p2x3,p2x3,p2x7,complete
0.83,0.84,0.87,0.07,0.0,10.0,"[0.8, 0.8, 0.8]","[[0.78, 0.8, 0.79], [0.8, 0.78, 0.8], [0.79, 0.8, 0.78]]","[[0.76, 1.86, 1.92], [1.87, 0.76, 1.86], [1.96, 1.86, 0.76]]","[0.78, 0.78, 0.78]",p2x4,p2x4,p2x4,trimmed
0.68,0.69,0.81,0.26,0.0,10.0,"[0.64, 0.65, 0.65]","[[0.61, 0.65, 0.64], [0.65, 0.64, 0.65], [0.64, 0.65, 0.64]]","[[0.76, 2.31, 2.28], [2.19, 0.76, 2.47], [2.12, 2.12, 0.76]]","[0.61, 0.64, 0.64]",p2x2,p2x5,p2x5,complete
0.79,0.82,0.83,0.07,0.0,10.0,"[0.75, 0.75, 0.75]","[[0.75, 0.75, 0.75], [0.75, 0.77, 0.76], [0.75, 0.76, 0.74]]","[[0.76, 2.34, 2.42], [2.25, 0.76, 2.52], [2.56, 2.44, 0.76]]","[0.75, 0.77, 0.74]",p2x2,p2x3,p2x6,trimmed
0.74,0.77,0.82,0.14,0.0,10.0,"[0.7, 0.71, 0.7]","[[0.69, 0.72, 0.69], [0.72, 0.74, 0.71], [0.69, 0.71, 0.73]]","[[0.76, 2.88, 2.92], [2.56, 0.76, 3.06], [3.17, 2.89, 0.76]]","[0.69, 0.74, 0.73]",p2x1,p2x4,p2x4,complete
0.72,0.73,0.82,0.19,0.0,10.0,"[0.69, 0.69, 0.68]","[[0.69, 0.7, 0.69], [0.7, 0.69, 0.68], [0.69, 0.68, 0.62]]","[[0.76, 2.93, 2.7], [2.76, 0.76, 2.57], [2.95, 2.54, 0.76]]","[0.69, 0.69, 0.62]",p2x1,p2x1,p2x6,complete
0.78,0.79,0.85,0.15,0.0,10.0,"[0.74, 0.74, 0.75]","[[0.72, 0.73, 0.76], [0.73, 0.72, 0.75], [0.76, 0.75, 0.73]]","[[0.76, 2.35, 2.03], [2.19, 0.76, 2.37], [2.4, 2.38, 0.76]]","[0.72, 0.72, 0.73]",p2x3,p2x3,p2x4,complete
0.79,0.81,0.83,0.07,0.0,10.0,"[0.75, 0.76, 0.74]","[[0.77, 0.76, 0.73], [0.76, 0.78, 0.75], [0.73, 0.75, 0.75]]","[[0.76, 2.73, 2.45], [2.3, 0.76, 2.65], [2.86, 2.64, 0.76]]","[0.77, 0.78, 0.75]",p2x3,p2x3,p2x4,trimmed
0.7,0.72,0.81,0.21,0.0,10.0,"[0.66, 0.67, 0.67]","[[0.62, 0.66, 0.66], [0.66, 0.64, 0.69], [0.66, 0.69, 0.65]]","[[0.76, 2.14, 2.17], [2.21, 0.76, 2.18], [2.21, 2.27, 0.76]]","[0.62, 0.64, 0.65]",p2x2,p2x6,p2x7,complete
0.75,0.76,0.84,0.18,0.0,10.0,"[0.72, 0.75, 0.72]","[[0.72, 0.75, 0.69], [0.75, 0.73, 0.74], [0.69, 0.74, 0.64]]","[[0.76, 1.99, 2.38], [2.35, 0.76, 2.51], [2.37, 2.48, 0.76]]","[0.72, 0.73, 0.64]",p2x3,p2x4,p2x6,complete
0.77,0.8,0.81,0.06,0.0,10.0,"[0.74, 0.74, 0.74]","[[0.73, 0.74, 0.74], [0.74, 0.74, 0.74], [0.74, 0.74, 0.75]]","[[0.76, 2.62, 2.52], [2.6, 0.76, 2.46], [2.45, 2.36, 0.76]]","[0.73, 0.74, 0.75]",p2x1,p2x2,p2x2,trimmed
0.75,0.77,0.84,0.16,0.0,10.0,"[0.71, 0.72, 0.71]","[[0.69, 0.72, 0.71], [0.72, 0.71, 0.72], [0.71, 0.72, 0.71]]","[[0.76, 2.35, 2.36], [2.11, 0.76, 2.44], [2.54, 2.26, 0.76]]","[0.69, 0.71, 0.71]",p2x1,p2x3,p2x3,complete
0.75,0.75,0.83,0.15,0.0,10.0,"[0.75, 0.71, 0.72]","[[0.73, 0.74, 0.76], [0.74, 0.65, 0.69], [0.76, 0.69, 0.66]]","[[0.76, 2.38, 2.2], [2.32, 0.76, 2.35], [2.16, 2.5, 0.76]]","[0.73, 0.65, 0.66]",p2x4,p2x5,p2x7,complete
0.73,0.76,0.81,0.15,0.0,10.0,"[0.69, 0.71, 0.71]","[[0.69, 0.69, 0.7], [0.69, 0.7, 0.72], [0.7, 0.72, 0.72]]","[[0.76, 3.04, 2.96], [2.92, 0.76, 2.66], [3.13, 2.49, 0.76]]","[0.69, 0.7, 0.72]",p2x1,p2x1,p2x4,complete
0.75,0.75,0.83,0.16,0.0,10.0,"[0.75, 0.7, 0.72]","[[0.73, 0.73, 0.78], [0.73, 0.64, 0.67], [0.78, 0.67, 0.66]]","[[0.76, 2.35, 2.22], [2.18, 0.76, 2.39], [2.28, 2.34, 0.76]]","[0.73, 0.64, 0.66]",p2x4,p2x6,p2x7,complete
0.72,0.74,0.83,0.21,0.0,10.0,"[0.72, 0.68, 0.69]","[[0.72, 0.71, 0.73], [0.71, 0.65, 0.66], [0.73, 0.66, 0.65]]","[[0.76, 2.34, 2.22], [2.15, 0.76, 2.51], [2.41, 2.27, 0.76]]","[0.72, 0.65, 0.65]",p2x3,p2x5,p2x5,complete
0.83,0.85,0.86,0.05,0.0,10.0,"[0.8, 0.8, 0.8]","[[0.78, 0.8, 0.8], [0.8, 0.78, 0.8], [0.8, 0.8, 0.78]]","[[0.76, 1.84, 1.71], [1.69, 0.76, 1.84], [1.85, 1.71, 0.76]]","[0.78, 0.78, 0.78]",p2x7,p2x7,p2x7,trimmed
0.75,0.77,0.84,0.18,0.0,10.0,"[0.72, 0.74, 0.72]","[[0.73, 0.74, 0.7], [0.74, 0.73, 0.73], [0.7, 0.73, 0.65]]","[[0.76, 2.13, 2.42], [2.38, 0.76, 2.39], [2.25, 2.47, 0.76]]","[0.73, 0.73, 0.65]",p2x3,p2x4,p2x5,complete
0.7,0.72,0.81,0.22,0.0,10.0,"[0.7, 0.68, 0.67]","[[0.69, 0.7, 0.69], [0.7, 0.63, 0.65], [0.69, 0.65, 0.63]]","[[0.76, 2.6, 2.45], [2.61, 0.76, 2.69], [2.33, 2.52, 0.76]]","[0.69, 0.63, 0.63]",p2x1,p2x5,p2x6,complete
0.86,0.87,0.9,0.07,0.0,10.0,"[0.84, 0.84, 0.84]","[[0.81, 0.84, 0.84], [0.84, 0.81, 0.84], [0.84, 0.84, 0.81]]","[[0.76, 1.73, 1.6], [1.58, 0.76, 1.72], [1.79, 1.58, 0.76]]","[0.81, 0.81, 0.81]",p2x3,p2x3,p2x3,trimmed
0.71,0.71,0.83,0.23,0.0,10.0,"[0.7, 0.68, 0.68]","[[0.69, 0.7, 0.7], [0.7, 0.61, 0.65], [0.7, 0.65, 0.64]]","[[0.76, 2.31, 2.25], [2.23, 0.76, 2.31], [2.48, 2.22, 0.76]]","[0.69, 0.61, 0.64]",p2x1,p2x2,p2x5,complete
0.71,0.73,0.81,0.19,0.0,10.0,"[0.66, 0.66, 0.68]","[[0.64, 0.65, 0.68], [0.65, 0.63, 0.68], [0.68, 0.68, 0.65]]","[[0.76, 2.61, 2.11], [2.5, 0.76, 2.29], [2.21, 2.15, 0.76]]","[0.64, 0.63, 0.65]",p2x5,p2x6,p2x7,complete
0.78,0.79,0.85,0.14,0.0,10.0,"[0.74, 0.74, 0.73]","[[0.72, 0.75, 0.74], [0.75, 0.74, 0.73], [0.74, 0.73, 0.74]]","[[0.76, 2.46, 2.17], [2.37, 0.76, 2.64], [2.46, 2.42, 0.76]]","[0.72, 0.74, 0.74]",p2x3,p2x4,p2x4,complete
0.83,0.84,0.87,0.07,0.0,10.0,"[0.8, 0.8, 0.8]","[[0.77, 0.8, 0.8], [0.8, 0.77, 0.8], [0.8, 0.8, 0.77]]","[[0.76, 1.77, 1.76], [1.74, 0.76, 1.78], [1.84, 1.74, 0.76]]","[0.77, 0.77, 0.77]",p2x2,p2x2,p2x2,trimmed
0.78,0.77,0.85,0.14,0.0,10.0,"[0.74, 0.74, 0.75]","[[0.7, 0.73, 0.75], [0.73, 0.72, 0.75], [0.75, 0.75, 0.66]]","[[0.76, 2.19, 2.28], [2.47, 0.76, 2.1], [2.09, 2.28, 0.76]]","[0.7, 0.72, 0.66]",p2x1,p2x3,p2x7,complete
0.77,0.8,0.81,0.07,0.0,10.0,"[0.74, 0.75, 0.73]","[[0.73, 0.75, 0.72], [0.75, 0.74, 0.74], [0.72, 0.74, 0.73]]","[[0.76, 2.51, 2.6], [2.34, 0.76, 2.63], [2.76, 2.42, 0.76]]","[0.73, 0.74, 0.73]",p2x1,p2x2,p2x6,trimmed
0.77,0.8,0.81,0.06,0.0,10.0,"[0.73, 0.74, 0.74]","[[0.73, 0.74, 0.73], [0.74, 0.76, 0.74], [0.73, 0.74, 0.73]]","[[0.76, 2.8, 2.72], [2.54, 0.76, 2.55], [3.07, 2.39, 0.76]]","[0.73, 0.76, 0.73]",p2x1,p2x3,p2x7,trimmed
0.76,0.78,0.79,0.07,0.0,10.0,"[0.71, 0.72, 0.72]","[[0.74, 0.72, 0.71], [0.72, 0.73, 0.72], [0.71, 0.72, 0.72]]","[[0.76, 2.74, 2.99], [2.73, 0.76, 2.85], [2.95, 2.83, 0.76]]","[0.74, 0.73, 0.72]",p2x4,p2x5,p2x6,trimmed
0.69,0.7,0.82,0.25,0.0,10.0,"[0.7, 0.66, 0.66]","[[0.69, 0.69, 0.7], [0.69, 0.61, 0.62], [0.7, 0.62, 0.61]]","[[0.76, 2.42, 2.34], [2.31, 0.76, 2.35], [2.51, 2.33, 0.76]]","[0.69, 0.61, 0.61]",p2x1,p2x2,p2x2,complete
0.77,0.8,0.81,0.06,0.0,10.0,"[0.74, 0.74, 0.73]","[[0.73, 0.75, 0.73], [0.75, 0.74, 0.73], [0.73, 0.73, 0.74]]","[[0.76, 2.48, 2.65], [2.29, 0.76, 2.49], [2.84, 2.32, 0.76]]","[0.73, 0.74, 0.74]",p2x1,p2x2,p2x7,trimmed
0.73,0.75,0.83,0.19,0.0,10.0,"[0.71, 0.71, 0.7]","[[0.69, 0.72, 0.71], [0.72, 0.72, 0.69], [0.71, 0.69, 0.63]]","[[0.76, 2.3, 2.65], [2.01, 0.76, 2.36], [2.74, 2.38, 0.76]]","[0.69, 0.72, 0.63]",p2x1,p2x3,p2x6,complete
0.74,0.74,0.85,0.23,0.0,10.0,"[0.7, 0.73, 0.7]","[[0.63, 0.73, 0.68], [0.73, 0.72, 0.73], [0.68, 0.73, 0.66]]","[[0.76, 1.99, 2.16], [2.09, 0.76, 1.95], [2.12, 2.17, 0.76]]","[0.63, 0.72, 0.66]",p2x2,p2x3,p2x5,complete
0.74,0.73,0.85,0.23,0.0,10.0,"[0.71, 0.74, 0.71]","[[0.62, 0.74, 0.67], [0.74, 0.73, 0.74], [0.67, 0.74, 0.64]]","[[0.76, 2.26, 2.31], [2.28, 0.76, 2.3], [2.25, 2.38, 0.76]]","[0.62, 0.73, 0.64]",p2x2,p2x4,p2x6,complete
0.78,0.81,0.82,0.07,0.0,10.0,"[0.75, 0.75, 0.74]","[[0.76, 0.75, 0.74], [0.75, 0.76, 0.74], [0.74, 0.74, 0.74]]","[[0.76, 2.4, 2.52], [2.49, 0.76, 2.67], [2.59, 2.51, 0.76]]","[0.76, 0.76, 0.74]",p2x3,p2x4,p2x6,trimmed
0.69,0.72,0.8,0.22,0.0,10.0,"[0.69, 0.65, 0.66]","[[0.71, 0.67, 0.7], [0.67, 0.63, 0.63], [0.7, 0.63, 0.63]]","[[0.76, 2.58, 2.37], [2.33, 0.76, 2.8], [2.53, 2.62, 0.76]]","[0.71, 0.63, 0.63]",p2x3,p2x6,p2x6,complete
0.81,0.82,0.84,0.06,0.0,10.0,"[0.77, 0.77, 0.77]","[[0.77, 0.76, 0.77], [0.76, 0.75, 0.78], [0.77, 0.78, 0.75]]","[[0.76, 2.14, 2.15], [2.35, 0.76, 2.16], [2.19, 2.34, 0.76]]","[0.77, 0.75, 0.75]",p2x3,p2x6,p2x7,trimmed
0.77,0.8,0.81,0.06,0.0,10.0,"[0.73, 0.73, 0.73]","[[0.73, 0.73, 0.73], [0.73, 0.74, 0.74], [0.73, 0.74, 0.74]]","[[0.76, 2.95, 2.83], [2.85, 0.76, 2.47], [2.94, 2.33, 0.76]]","[0.73, 0.74, 0.74]",p2x1,p2x1,p2x7,trimmed
0.72,0.73,0.82,0.19,0.0,10.0,"[0.7, 0.69, 0.69]","[[0.69, 0.7, 0.69], [0.7, 0.7, 0.68], [0.69, 0.68, 0.63]]","[[0.76, 2.73, 2.75], [2.62, 0.76, 2.69], [2.75, 2.61, 0.76]]","[0.69, 0.7, 0.63]",p2x1,p2x1,p2x5,complete
0.76,0.79,0.8,0.07,0.0,10.0,"[0.72, 0.73, 0.73]","[[0.73, 0.72, 0.72], [0.72, 0.74, 0.74], [0.72, 0.74, 0.74]]","[[0.76, 2.86, 2.53], [2.57, 0.76, 2.55], [2.72, 2.64, 0.76]]","[0.73, 0.74, 0.74]",p2x1,p2x1,p2x2,trimmed
0.7,0.7,0.83,0.26,0.0,10.0,"[0.66, 0.66, 0.66]","[[0.62, 0.67, 0.66], [0.67, 0.65, 0.66], [0.66, 0.66, 0.63]]","[[0.76, 2.2, 2.2], [2.17, 0.76, 2.26], [2.26, 2.37, 0.76]]","[0.62, 0.65, 0.63]",p2x2,p2x5,p2x6,complete
0.78,0.81,0.82,0.07,0.0,10.0,"[0.75, 0.74, 0.74]","[[0.77, 0.75, 0.74], [0.75, 0.74, 0.73], [0.74, 0.73, 0.74]]","[[0.76, 2.37, 2.6], [2.41, 0.76, 2.67], [2.74, 2.7, 0.76]]","[0.77, 0.74, 0.74]",p2x3,p2x5,p2x6,trimmed
0.76,0.79,0.81,0.07,0.0,10.0,"[0.72, 0.72, 0.72]","[[0.76, 0.71, 0.73], [0.71, 0.74, 0.72], [0.73, 0.72, 0.73]]","[[0.76, 2.5, 2.72], [2.97, 0.76, 2.7], [2.33, 2.8, 0.76]]","[0.76, 0.74, 0.73]",p2x3,p2x4,p2x5,trimmed
0.73,0.74,0.8,0.14,0.0,10.0,"[0.68, 0.69, 0.7]","[[0.63, 0.67, 0.68], [0.67, 0.65, 0.72], [0.68, 0.72, 0.66]]","[[0.76, 2.5, 2.44], [2.41, 0.76, 2.19], [2.62, 2.34, 0.76]]","[0.63, 0.65, 0.66]",p2x6,p2x7,p2x7,complete
0.79,0.81,0.82,0.06,0.0,10.0,"[0.74, 0.75, 0.75]","[[0.73, 0.74, 0.74], [0.74, 0.75, 0.75], [0.74, 0.75, 0.75]]","[[0.76, 2.44, 2.7], [2.5, 0.76, 2.39], [2.65, 2.36, 0.76]]","[0.73, 0.75, 0.75]",p2x5,p2x7,p2x7,trimmed
0.79,0.81,0.82,0.05,0.0,10.0,"[0.75, 0.75, 0.75]","[[0.73, 0.75, 0.76], [0.75, 0.74, 0.75], [0.76, 0.75, 0.75]]","[[0.76, 2.58, 2.56], [2.5, 0.76, 2.46], [2.62, 2.39, 0.76]]","[0.73, 0.74, 0.75]",p2x6,p2x7,p2x7,trimmed
0.76,0.78,0.8,0.07,0.0,10.0,"[0.72, 0.72, 0.71]","[[0.73, 0.73, 0.72], [0.73, 0.74, 0.71], [0.72, 0.71, 0.73]]","[[0.76, 2.94, 3.02], [2.76, 0.76, 2.95], [2.96, 2.78, 0.76]]","[0.73, 0.74, 0.73]",p2x1,p2x5,p2x5,trimmed
0.67,0.7,0.8,0.24,0.0,10.0,"[0.64, 0.64, 0.64]","[[0.64, 0.65, 0.64], [0.65, 0.64, 0.64], [0.64, 0.64, 0.62]]","[[0.76, 2.66, 2.72], [2.56, 0.76, 2.53], [2.61, 2.65, 0.76]]","[0.64, 0.64, 0.62]",p2x5,p2x5,p2x6,complete
0.82,0.83,0.85,0.06,0.0,10.0,"[0.78, 0.79, 0.78]","[[0.77, 0.79, 0.78], [0.79, 0.77, 0.79], [0.78, 0.79, 0.77]]","[[0.76, 2.01, 1.99], [1.89, 0.76, 2.02], [2.12, 1.92, 0.76]]","[0.77, 0.77, 0.77]",p2x6,p2x6,p2x6,trimmed
0.78,0.78,0.86,0.17,0.0,10.0,"[0.75, 0.75, 0.75]","[[0.73, 0.75, 0.75], [0.75, 0.73, 0.75], [0.75, 0.75, 0.73]]","[[0.76, 1.63, 1.58], [1.57, 0.76, 1.64], [1.65, 1.57, 0.76]]","[0.73, 0.73, 0.73]",p2x3,p2x3,p2x3,complete
0.79,0.81,0.82,0.06,0.0,10.0,"[0.75, 0.74, 0.75]","[[0.74, 0.74, 0.75], [0.74, 0.73, 0.75], [0.75, 0.75, 0.75]]","[[0.76, 2.6, 2.31], [2.67, 0.76, 2.55], [2.11, 2.66, 0.76]]","[0.74, 0.73, 0.75]",p2x1,p2x5,p2x7,trimmed
0.76,0.76,0.81,0.1,0.0,10.0,"[0.76, 0.74, 0.74]","[[0.72, 0.76, 0.76], [0.76, 0.66, 0.72], [0.76, 0.72, 0.66]]","[[0.76, 2.44, 2.56], [2.28, 0.76, 2.37], [2.46, 2.4, 0.76]]","[0.72, 0.66, 0.66]",p2x4,p2x7,p2x7,complete
0.76,0.76,0.86,0.2,0.0,10.0,"[0.73, 0.74, 0.73]","[[0.63, 0.73, 0.72], [0.73, 0.73, 0.74], [0.72, 0.74, 0.73]]","[[0.76, 2.19, 2.01], [1.9, 0.76, 2.2], [2.1, 1.9, 0.76]]","[0.63, 0.73, 0.73]",p2x2,p2x3,p2x3,complete
0.75,0.76,0.83,0.16,0.0,10.0,"[0.71, 0.71, 0.71]","[[0.7, 0.7, 0.71], [0.7, 0.7, 0.71], [0.71, 0.71, 0.71]]","[[0.76, 2.63, 2.41], [2.51, 0.76, 2.52], [2.56, 2.34, 0.76]]","[0.7, 0.7, 0.71]",p2x1,p2x1,p2x3,complete
0.78,0.8,0.82,0.07,0.0,10.0,"[0.74, 0.73, 0.74]","[[0.74, 0.73, 0.75], [0.73, 0.76, 0.73], [0.75, 0.73, 0.76]]","[[0.76, 2.6, 2.66], [2.42, 0.76, 2.69], [2.51, 2.43, 0.76]]","[0.74, 0.76, 0.76]",p2x2,p2x4,p2x4,trimmed
0.72,0.74,0.83,0.22,0.0,10.0,"[0.71, 0.7, 0.68]","[[0.72, 0.73, 0.7], [0.73, 0.65, 0.66], [0.7, 0.66, 0.64]]","[[0.76, 2.12, 2.32], [2.28, 0.76, 2.51], [2.28, 2.44, 0.76]]","[0.72, 0.65, 0.64]",p2x3,p2x5,p2x6,complete
0.79,0.81,0.82,0.06,0.0,10.0,"[0.76, 0.75, 0.76]","[[0.74, 0.75, 0.77], [0.75, 0.74, 0.75], [0.77, 0.75, 0.75]]","[[0.76, 2.39, 2.49], [2.46, 0.76, 2.51], [2.43, 2.42, 0.76]]","[0.74, 0.74, 0.75]",p2x2,p2x7,p2x7,trimmed
0.79,0.81,0.82,0.06,0.0,10.0,"[0.76, 0.76, 0.74]","[[0.75, 0.78, 0.74], [0.78, 0.76, 0.75], [0.74, 0.75, 0.74]]","[[0.76, 2.29, 2.37], [2.27, 0.76, 2.32], [2.39, 2.55, 0.76]]","[0.75, 0.76, 0.74]",p2x2,p2x3,p2x7,trimmed
0.78,0.8,0.81,0.06,0.0,10.0,"[0.74, 0.73, 0.74]","[[0.74, 0.73, 0.75], [0.73, 0.73, 0.73], [0.75, 0.73, 0.74]]","[[0.76, 2.68, 2.54], [2.79, 0.76, 2.32], [2.64, 2.62, 0.76]]","[0.74, 0.73, 0.74]",p2x5,p2x5,p2x7,trimmed
0.77,0.79,0.81,0.07,0.0,10.0,"[0.74, 0.74, 0.73]","[[0.74, 0.74, 0.73], [0.74, 0.74, 0.74], [0.73, 0.74, 0.72]]","[[0.76, 2.51, 2.53], [2.42, 0.76, 2.53], [2.7, 2.39, 0.76]]","[0.74, 0.74, 0.72]",p2x2,p2x2,p2x6,trimmed
0.78,0.81,0.82,0.07,0.0,10.0,"[0.74, 0.75, 0.74]","[[0.74, 0.75, 0.74], [0.75, 0.76, 0.74], [0.74, 0.74, 0.74]]","[[0.76, 2.5, 2.73], [2.73, 0.76, 2.39], [2.77, 2.63, 0.76]]","[0.74, 0.76, 0.74]",p2x1,p2x3,p2x5,trimmed
0.73,0.73,0.81,0.16,0.0,10.0,"[0.71, 0.68, 0.7]","[[0.69, 0.7, 0.73], [0.7, 0.64, 0.66], [0.73, 0.66, 0.64]]","[[0.76, 2.64, 2.53], [2.47, 0.76, 2.39], [2.6, 2.42, 0.76]]","[0.69, 0.64, 0.64]",p2x1,p2x5,p2x7,complete
0.71,0.72,0.81,0.18,0.0,10.0,"[0.67, 0.66, 0.68]","[[0.64, 0.65, 0.69], [0.65, 0.64, 0.67], [0.69, 0.67, 0.65]]","[[0.76, 2.49, 2.28], [2.58, 0.76, 2.29], [2.24, 2.45, 0.76]]","[0.64, 0.64, 0.65]",p2x5,p2x5,p2x7,complete
0.72,0.72,0.84,0.23,0.0,10.0,"[0.69, 0.71, 0.67]","[[0.62, 0.73, 0.65], [0.73, 0.72, 0.7], [0.65, 0.7, 0.63]]","[[0.76, 2.18, 2.09], [1.96, 0.76, 2.25], [2.29, 2.21, 0.76]]","[0.62, 0.72, 0.63]",p2x2,p2x3,p2x6,complete
0.76,0.79,0.8,0.07,0.0,10.0,"[0.73, 0.72, 0.73]","[[0.74, 0.72, 0.74], [0.72, 0.73, 0.72], [0.74, 0.72, 0.74]]","[[0.76, 2.68, 2.51], [2.4, 0.76, 2.64], [2.49, 2.27, 0.76]]","[0.74, 0.73, 0.74]",p2x2,p2x5,p2x5,trimmed
0.76,0.79,0.8,0.07,0.0,10.0,"[0.72, 0.72, 0.72]","[[0.74, 0.72, 0.72], [0.72, 0.74, 0.72], [0.72, 0.72, 0.73]]","[[0.76, 3.1, 2.9], [2.59, 0.76, 2.98], [2.75, 2.55, 0.76]]","[0.74, 0.74, 0.73]",p2x4,p2x5,p2x5,trimmed
0.77,0.76,0.83,0.12,0.0,10.0,"[0.73, 0.74, 0.74]","[[0.69, 0.73, 0.73], [0.73, 0.73, 0.75], [0.73, 0.75, 0.65]]","[[0.76, 2.55, 2.46], [2.31, 0.76, 2.36], [2.68, 2.21, 0.76]]","[0.69, 0.73, 0.65]",p2x1,p2x4,p2x7,complete
0.76,0.79,0.8,0.07,0.0,10.0,"[0.71, 0.72, 0.71]","[[0.72, 0.72, 0.7], [0.72, 0.75, 0.73], [0.7, 0.73, 0.72]]","[[0.76, 3.14, 3.05], [2.87, 0.76, 2.82], [3.12, 2.75, 0.76]]","[0.72, 0.75, 0.72]",p2x1,p2x3,p2x6,trimmed
0.8,0.82,0.84,0.07,0.0,10.0,"[0.76, 0.76, 0.76]","[[0.76, 0.76, 0.77], [0.76, 0.76, 0.76], [0.77, 0.76, 0.78]]","[[0.76, 2.43, 2.13], [2.27, 0.76, 2.33], [2.47, 2.21, 0.76]]","[0.76, 0.76, 0.78]",p2x2,p2x2,p2x3,trimmed
0.78,0.8,0.82,0.06,0.0,10.0,"[0.76, 0.74, 0.75]","[[0.74, 0.75, 0.77], [0.75, 0.73, 0.74], [0.77, 0.74, 0.74]]","[[0.76, 2.48, 2.28], [2.4, 0.76, 2.54], [2.4, 2.43, 0.76]]","[0.74, 0.73, 0.74]",p2x2,p2x6,p2x7,trimmed
0.73,0.74,0.8,0.14,0.0,10.0,"[0.68, 0.7, 0.7]","[[0.64, 0.68, 0.68], [0.68, 0.66, 0.72], [0.68, 0.72, 0.66]]","[[0.76, 2.38, 2.6], [2.42, 0.76, 2.2], [2.63, 2.3, 0.76]]","[0.64, 0.66, 0.66]",p2x5,p2x7,p2x7,complete
0.67,0.68,0.81,0.26,0.0,10.0,"[0.64, 0.64, 0.63]","[[0.61, 0.64, 0.63], [0.64, 0.63, 0.63], [0.63, 0.63, 0.63]]","[[0.76, 2.56, 2.33], [2.37, 0.76, 2.64], [2.47, 2.43, 0.76]]","[0.61, 0.63, 0.63]",p2x2,p2x6,p2x6,complete
0.75,0.76,0.85,0.19,0.0,10.0,"[0.72, 0.73, 0.72]","[[0.71, 0.73, 0.72], [0.73, 0.72, 0.73], [0.72, 0.73, 0.66]]","[[0.76, 2.24, 2.38], [2.37, 0.76, 2.18], [2.31, 2.31, 0.76]]","[0.71, 0.72, 0.66]",p2x1,p2x3,p2x5,complete
0.7,0.71,0.85,0.3,0.0,10.0,"[0.67, 0.67, 0.67]","[[0.64, 0.67, 0.67], [0.67, 0.64, 0.67], [0.67, 0.67, 0.64]]","[[0.76, 1.81, 1.82], [1.77, 0.76, 1.81], [1.85, 1.77, 0.76]]","[0.64, 0.64, 0.64]",p2x2,p2x2,p2x2,complete
0.73,0.72,0.85,0.24,0.0,10.0,"[0.71, 0.69, 0.68]","[[0.69, 0.72, 0.71], [0.72, 0.62, 0.66], [0.71, 0.66, 0.63]]","[[0.76, 2.18, 2.37], [1.95, 0.76, 2.37], [2.54, 2.22, 0.76]]","[0.69, 0.62, 0.63]",p2x1,p2x2,p2x6,complete
0.77,0.79,0.81,0.07,0.0,10.0,"[0.74, 0.73, 0.73]","[[0.74, 0.73, 0.74], [0.73, 0.73, 0.73], [0.74, 0.73, 0.73]]","[[0.76, 2.33, 2.5], [2.38, 0.76, 2.59], [2.6, 2.41, 0.76]]","[0.74, 0.73, 0.73]",p2x2,p2x5,p2x6,trimmed
0.83,0.84,0.89,0.12,0.0,10.0,"[0.79, 0.79, 0.79]","[[0.78, 0.79, 0.79], [0.79, 0.78, 0.79], [0.79, 0.79, 0.78]]","[[0.76, 1.87, 1.89], [1.84, 0.76, 1.86], [1.95, 1.86, 0.76]]","[0.78, 0.78, 0.78]",p2x4,p2x4,p2x4,complete
0.71,0.71,0.84,0.25,0.0,10.0,"[0.68, 0.68, 0.73]","[[0.62, 0.63, 0.73], [0.63, 0.62, 0.74], [0.73, 0.74, 0.72]]","[[0.76, 2.45, 2.31], [2.35, 0.76, 2.33], [2.48, 2.39, 0.76]]","[0.62, 0.62, 0.72]",p2x2,p2x2,p2x4,complete
0.77,0.8,0.81,0.06,0.0,10.0,"[0.73, 0.72, 0.74]","[[0.74, 0.72, 0.75], [0.72, 0.73, 0.73], [0.75, 0.73, 0.74]]","[[0.76, 2.91, 2.6], [2.86, 0.76, 2.65], [2.58, 2.7, 0.76]]","[0.74, 0.73, 0.74]",p2x6,p2x6,p2x7,trimmed
0.79,0.82,0.83,0.07,0.0,10.0,"[0.75, 0.76, 0.76]","[[0.74, 0.75, 0.76], [0.75, 0.77, 0.77], [0.76, 0.77, 0.78]]","[[0.76, 2.61, 2.54], [2.59, 0.76, 2.59], [2.65, 2.44, 0.76]]","[0.74, 0.77, 0.78]",p2x1,p2x3,p2x3,trimmed
0.75,0.78,0.79,0.07,0.0,10.0,"[0.7, 0.72, 0.71]","[[0.73, 0.7, 0.7], [0.7, 0.74, 0.73], [0.7, 0.73, 0.74]]","[[0.76, 3.32, 3.2], [3.08, 0.76, 2.95], [3.37, 2.88, 0.76]]","[0.73, 0.74, 0.74]",p2x1,p2x1,p2x4,trimmed
0.76,0.79,0.8,0.07,0.0,10.0,"[0.73, 0.73, 0.72]","[[0.73, 0.74, 0.72], [0.74, 0.75, 0.72], [0.72, 0.72, 0.73]]","[[0.76, 2.65, 2.84], [2.58, 0.76, 2.94], [2.9, 2.87, 0.76]]","[0.73, 0.75, 0.73]",p2x1,p2x4,p2x5,trimmed
0.75,0.78,0.79,0.07,0.0,10.0,"[0.72, 0.72, 0.71]","[[0.73, 0.73, 0.7], [0.73, 0.73, 0.72], [0.7, 0.72, 0.71]]","[[0.76, 2.9, 3.11], [2.86, 0.76, 2.86], [3.19, 2.61, 0.76]]","[0.73, 0.73, 0.71]",p2x1,p2x5,p2x6,trimmed
0.75,0.76,0.84,0.17,0.0,10.0,"[0.72, 0.72, 0.72]","[[0.73, 0.72, 0.73], [0.72, 0.74, 0.71], [0.73, 0.71, 0.63]]","[[0.76, 2.81, 2.57], [2.53, 0.76, 2.53], [2.67, 2.33, 0.76]]","[0.73, 0.74, 0.63]",p2x4,p2x4,p2x6,complete
0.75,0.75,0.84,0.17,0.0,10.0,"[0.73, 0.72, 0.72]","[[0.73, 0.72, 0.73], [0.72, 0.74, 0.71], [0.73, 0.71, 0.64]]","[[0.76, 2.82, 2.44], [2.48, 0.76, 2.68], [2.58, 2.59, 0.76]]","[0.73, 0.74, 0.64]",p2x4,p2x4,p2x5,complete
0.8,0.81,0.83,0.06,0.0,10.0,"[0.76, 0.76, 0.76]","[[0.75, 0.76, 0.76], [0.76, 0.75, 0.76], [0.76, 0.76, 0.75]]","[[0.76, 2.13, 2.0], [1.97, 0.76, 2.16], [2.22, 1.96, 0.76]]","[0.75, 0.75, 0.75]",p2x1,p2x1,p2x1,trimmed
0.68,0.69,0.82,0.28,0.0,10.0,"[0.64, 0.64, 0.65]","[[0.62, 0.63, 0.65], [0.63, 0.62, 0.65], [0.65, 0.65, 0.64]]","[[0.76, 2.28, 2.13], [2.28, 0.76, 2.18], [2.12, 2.23, 0.76]]","[0.62, 0.62, 0.64]",p2x2,p2x2,p2x5,complete
0.75,0.73,0.85,0.21,0.0,10.0,"[0.72, 0.71, 0.71]","[[0.7, 0.72, 0.71], [0.72, 0.7, 0.71], [0.71, 0.71, 0.62]]","[[0.76, 2.63, 2.36], [2.4, 0.76, 2.22], [2.61, 2.12, 0.76]]","[0.7, 0.7, 0.62]",p2x1,p2x1,p2x2,complete
0.75,0.78,0.79,0.07,0.0,10.0,"[0.71, 0.71, 0.7]","[[0.72, 0.72, 0.7], [0.72, 0.75, 0.71], [0.7, 0.71, 0.74]]","[[0.76, 3.1, 3.18], [2.82, 0.76, 3.38], [3.23, 3.06, 0.76]]","[0.72, 0.75, 0.74]",p2x1,p2x4,p2x4,trimmed
0.77,0.8,0.81,0.07,0.0,10.0,"[0.73, 0.73, 0.72]","[[0.76, 0.73, 0.73], [0.73, 0.73, 0.72], [0.73, 0.72, 0.73]]","[[0.76, 2.82, 2.61], [2.71, 0.76, 3.07], [2.7, 2.78, 0.76]]","[0.76, 0.73, 0.73]",p2x3,p2x6,p2x6,trimmed
0.78,0.8,0.82,0.06,0.0,10.0,"[0.74, 0.74, 0.74]","[[0.75, 0.74, 0.75], [0.74, 0.75, 0.74], [0.75, 0.74, 0.74]]","[[0.76, 2.78, 2.47], [2.72, 0.76, 2.55], [2.61, 2.55, 0.76]]","[0.75, 0.75, 0.74]",p2x4,p2x4,p2x7,trimmed
0.79,0.81,0.82,0.06,0.0,10.0,"[0.76, 0.75, 0.75]","[[0.75, 0.76, 0.75], [0.76, 0.75, 0.75], [0.75, 0.75, 0.75]]","[[0.76, 2.56, 2.53], [2.29, 0.76, 2.41], [2.59, 2.39, 0.76]]","[0.75, 0.75, 0.75]",p2x4,p2x7,p2x7,trimmed
0.77,0.79,0.81,0.06,0.0,10.0,"[0.74, 0.72, 0.74]","[[0.73, 0.73, 0.75], [0.73, 0.73, 0.72], [0.75, 0.72, 0.73]]","[[0.76, 2.39, 2.41], [2.51, 0.76, 2.39], [2.66, 2.36, 0.76]]","[0.73, 0.73, 0.73]",p2x2,p2x5,p2x7,trimmed
0.79,0.8,0.87,0.16,0.0,10.0,"[0.76, 0.76, 0.76]","[[0.73, 0.76, 0.76], [0.76, 0.73, 0.76], [0.76, 0.76, 0.73]]","[[0.76, 2.07, 1.98], [1.94, 0.76, 2.07], [2.13, 1.94, 0.76]]","[0.73, 0.73, 0.73]",p2x1,p2x1,p2x1,complete
0.71,0.73,0.79,0.15,0.0,10.0,"[0.65, 0.68, 0.68]","[[0.61, 0.65, 0.65], [0.65, 0.65, 0.72], [0.65, 0.72, 0.65]]","[[0.76, 2.48, 2.47], [2.43, 0.76, 2.32], [2.52, 2.29, 0.76]]","[0.61, 0.65, 0.65]",p2x2,p2x7,p2x7,complete
0.72,0.76,0.76,0.06,0.0,10.0,"[0.69, 0.69, 0.68]","[[0.71, 0.7, 0.68], [0.7, 0.72, 0.68], [0.68, 0.68, 0.71]]","[[0.76, 3.35, 3.34], [3.1, 0.76, 3.56], [3.48, 3.51, 0.76]]","[0.71, 0.72, 0.71]",p2x1,p2x6,p2x6,trimmed
0.73,0.73,0.82,0.18,0.0,10.0,"[0.68, 0.73, 0.7]","[[0.62, 0.71, 0.65], [0.71, 0.71, 0.75], [0.65, 0.75, 0.65]]","[[0.76, 2.06, 2.2], [2.17, 0.76, 2.08], [2.2, 2.27, 0.76]]","[0.62, 0.71, 0.65]",p2x2,p2x3,p2x7,complete
0.8,0.78,0.85,0.12,0.0,10.0,"[0.76, 0.77, 0.77]","[[0.73, 0.76, 0.76], [0.76, 0.74, 0.78], [0.76, 0.78, 0.67]]","[[0.76, 2.3, 2.02], [2.24, 0.76, 2.12], [2.28, 2.09, 0.76]]","[0.73, 0.74, 0.67]",p2x3,p2x4,p2x7,complete
0.76,0.79,0.8,0.07,0.0,10.0,"[0.72, 0.72, 0.72]","[[0.75, 0.73, 0.72], [0.73, 0.76, 0.72], [0.72, 0.72, 0.73]]","[[0.76, 3.03, 2.59], [2.7, 0.76, 2.97], [2.85, 2.86, 0.76]]","[0.75, 0.76, 0.73]",p2x4,p2x4,p2x5,trimmed
0.71,0.72,0.84,0.25,0.0,10.0,"[0.68, 0.68, 0.72]","[[0.63, 0.63, 0.72], [0.63, 0.62, 0.73], [0.72, 0.73, 0.72]]","[[0.76, 2.22, 2.05], [2.15, 0.76, 2.21], [2.19, 2.02, 0.76]]","[0.63, 0.62, 0.72]",p2x2,p2x2,p2x3,complete
0.75,0.78,0.79,0.07,0.0,10.0,"[0.72, 0.73, 0.72]","[[0.74, 0.73, 0.71], [0.73, 0.74, 0.73], [0.71, 0.73, 0.72]]","[[0.76, 3.2, 3.07], [2.83, 0.76, 3.02], [3.22, 2.94, 0.76]]","[0.74, 0.74, 0.72]",p2x1,p2x1,p2x5,trimmed
0.76,0.75,0.83,0.13,0.0,10.0,"[0.72, 0.72, 0.73]","[[0.69, 0.7, 0.73], [0.7, 0.7, 0.73], [0.73, 0.73, 0.65]]","[[0.76, 2.8, 2.55], [2.59, 0.76, 2.49], [2.64, 2.26, 0.76]]","[0.69, 0.7, 0.65]",p2x1,p2x1,p2x7,complete
0.73,0.72,0.85,0.23,0.0,10.0,"[0.7, 0.74, 0.7]","[[0.62, 0.74, 0.66], [0.74, 0.73, 0.73], [0.66, 0.73, 0.65]]","[[0.76, 2.31, 2.29], [2.27, 0.76, 2.25], [2.22, 2.35, 0.76]]","[0.62, 0.73, 0.65]",p2x2,p2x4,p2x5,complete
0.81,0.83,0.84,0.06,0.0,10.0,"[0.77, 0.77, 0.76]","[[0.78, 0.78, 0.76], [0.78, 0.79, 0.77], [0.76, 0.77, 0.75]]","[[0.76, 2.36, 2.3], [2.21, 0.76, 2.34], [2.58, 2.28, 0.76]]","[0.78, 0.79, 0.75]",p2x3,p2x3,p2x7,trimmed
0.68,0.7,0.79,0.22,0.0,10.0,"[0.63, 0.63, 0.64]","[[0.61, 0.62, 0.64], [0.62, 0.61, 0.65], [0.64, 0.65, 0.64]]","[[0.76, 2.51, 2.41], [2.42, 0.76, 2.45], [2.62, 2.42, 0.76]]","[0.61, 0.61, 0.64]",p2x2,p2x2,p2x7,complete
0.79,0.81,0.82,0.07,0.0,10.0,"[0.75, 0.75, 0.73]","[[0.75, 0.76, 0.73], [0.76, 0.76, 0.73], [0.73, 0.73, 0.75]]","[[0.76, 2.31, 2.37], [2.43, 0.76, 2.36], [2.44, 2.49, 0.76]]","[0.75, 0.76, 0.75]",p2x2,p2x3,p2x4,trimmed
0.76,0.78,0.79,0.06,0.0,10.0,"[0.72, 0.71, 0.72]","[[0.73, 0.72, 0.73], [0.72, 0.73, 0.71], [0.73, 0.71, 0.73]]","[[0.76, 2.58, 2.71], [2.61, 0.76, 3.08], [2.8, 2.86, 0.76]]","[0.73, 0.73, 0.73]",p2x2,p2x6,p2x6,trimmed
0.79,0.81,0.82,0.05,0.0,10.0,"[0.75, 0.75, 0.75]","[[0.72, 0.75, 0.74], [0.75, 0.75, 0.75], [0.74, 0.75, 0.75]]","[[0.76, 2.49, 2.67], [2.26, 0.76, 2.48], [2.73, 2.39, 0.76]]","[0.72, 0.75, 0.75]",p2x1,p2x7,p2x7,trimmed
0.78,0.8,0.82,0.07,0.0,10.0,"[0.75, 0.74, 0.75]","[[0.75, 0.74, 0.76], [0.74, 0.75, 0.73], [0.76, 0.73, 0.74]]","[[0.76, 2.47, 2.32], [2.37, 0.76, 2.48], [2.41, 2.43, 0.76]]","[0.75, 0.75, 0.74]",p2x2,p2x4,p2x5,trimmed
0.77,0.78,0.85,0.15,0.0,10.0,"[0.74, 0.73, 0.75]","[[0.7, 0.72, 0.75], [0.72, 0.72, 0.75], [0.75, 0.75, 0.74]]","[[0.76, 2.27, 2.36], [2.45, 0.76, 2.14], [2.31, 2.36, 0.76]]","[0.7, 0.72, 0.74]",p2x1,p2x3,p2x4,complete
0.75,0.76,0.84,0.18,0.0,10.0,"[0.73, 0.72, 0.71]","[[0.72, 0.73, 0.72], [0.73, 0.73, 0.7], [0.72, 0.7, 0.65]]","[[0.76, 2.35, 2.06], [2.13, 0.76, 2.28], [2.45, 2.25, 0.76]]","[0.72, 0.73, 0.65]",p2x3,p2x3,p2x5,complete
0.77,0.8,0.81,0.07,0.0,10.0,"[0.73, 0.73, 0.73]","[[0.76, 0.74, 0.73], [0.74, 0.74, 0.72], [0.73, 0.72, 0.73]]","[[0.76, 2.7, 2.47], [2.39, 0.76, 2.78], [2.79, 2.48, 0.76]]","[0.76, 0.74, 0.73]",p2x3,p2x5,p2x5,trimmed
0.77,0.79,0.81,0.07,0.0,10.0,"[0.73, 0.74, 0.73]","[[0.74, 0.74, 0.72], [0.74, 0.75, 0.73], [0.72, 0.73, 0.75]]","[[0.76, 2.57, 2.62], [2.55, 0.76, 2.38], [2.66, 2.64, 0.76]]","[0.74, 0.75, 0.75]",p2x1,p2x2,p2x4,trimmed
0.78,0.81,0.82,0.06,0.0,10.0,"[0.75, 0.74, 0.75]","[[0.76, 0.73, 0.76], [0.73, 0.73, 0.74], [0.76, 0.74, 0.74]]","[[0.76, 2.75, 2.43], [2.68, 0.76, 2.41], [2.54, 2.56, 0.76]]","[0.76, 0.73, 0.74]",p2x4,p2x5,p2x7,trimmed
0.77,0.79,0.81,0.07,0.0,10.0,"[0.73, 0.72, 0.73]","[[0.74, 0.72, 0.74], [0.72, 0.74, 0.72], [0.74, 0.72, 0.76]]","[[0.76, 2.95, 2.63], [2.69, 0.76, 2.9], [2.77, 2.77, 0.76]]","[0.74, 0.74, 0.76]",p2x1,p2x1,p2x3,trimmed
0.8,0.82,0.83,0.06,0.0,10.0,"[0.76, 0.75, 0.77]","[[0.75, 0.75, 0.77], [0.75, 0.76, 0.76], [0.77, 0.76, 0.75]]","[[0.76, 2.35, 2.31], [2.45, 0.76, 2.4], [2.39, 2.31, 0.76]]","[0.75, 0.76, 0.75]",p2x2,p2x4,p2x7,trimmed
0.73,0.75,0.82,0.19,0.0,10.0,"[0.71, 0.7, 0.69]","[[0.71, 0.72, 0.7], [0.72, 0.72, 0.68], [0.7, 0.68, 0.62]]","[[0.76, 2.36, 2.38], [2.22, 0.76, 2.43], [2.46, 2.34, 0.76]]","[0.71, 0.72, 0.62]",p2x3,p2x3,p2x6,complete
0.77,0.8,0.8,0.06,0.0,10.0,"[0.74, 0.73, 0.73]","[[0.76, 0.74, 0.73], [0.74, 0.73, 0.72], [0.73, 0.72, 0.74]]","[[0.76, 2.5, 2.48], [2.45, 0.76, 2.43], [2.78, 2.51, 0.76]]","[0.76, 0.73, 0.74]",p2x3,p2x5,p2x7,trimmed
0.76,0.79,0.8,0.07,0.0,10.0,"[0.72, 0.72, 0.72]","[[0.74, 0.72, 0.71], [0.72, 0.75, 0.73], [0.71, 0.73, 0.72]]","[[0.76, 2.92, 2.88], [2.8, 0.76, 2.71], [2.9, 2.56, 0.76]]","[0.74, 0.75, 0.72]",p2x4,p2x4,p2x6,trimmed
